code,label,month,revenue_czk,tx_washer_czk,tx_dryer_czk
00021CZ,"Praha Pruhonice Orlen, D1 5.km, směr Brno, 149 00 Újezd u Průhonic (Praha - Brno)",2025-11,950,,
00021CZ,"Praha Pruhonice Orlen, D1 5.km, směr Brno, 149 00 Újezd u Průhonic (Praha - Brno)",2025-12,7990,,
00021CZ,"Praha Pruhonice Orlen, D1 5.km, směr Brno, 149 00 Újezd u Průhonic (Praha - Brno)",2026-01,7290,,
00021CZ,"Praha Pruhonice Orlen, D1 5.km, směr Brno, 149 00 Újezd u Průhonic (Praha - Brno)",2026-02,12510,,
00021CZ,"Praha Pruhonice Orlen, D1 5.km, směr Brno, 149 00 Újezd u Průhonic (Praha - Brno)",2026-03,11880,,
00021CZ,"Praha Pruhonice Orlen, D1 5.km, směr Brno, 149 00 Újezd u Průhonic (Praha - Brno)",2026-04,18620,,
00021CZ,"Praha Pruhonice Orlen, D1 5.km, směr Brno, 149 00 Újezd u Průhonic (Praha - Brno)",2026-05,17070,,
00021CZ,"Praha Pruhonice Orlen, D1 5.km, směr Brno, 149 00 Újezd u Průhonic (Praha - Brno)",2026-06,17900,,
00021CZ,"Praha Pruhonice Orlen, D1 5.km, směr Brno, 149 00 Újezd u Průhonic (Praha - Brno)",2026-07,19530,,
00021CZ,"Praha Pruhonice Orlen, D1 5.km, směr Brno, 149 00 Újezd u Průhonic (Praha - Brno)",2026-08,3230,,
00006CZ,"Uherský Brod, Močidla 2873, 688 01 Uherský Brod 1, ORLEN, PENNY",2023-02,12550,,
00006CZ,"Uherský Brod, Močidla 2873, 688 01 Uherský Brod 1, ORLEN, PENNY",2023-03,14360,,
00006CZ,"Uherský Brod, Močidla 2873, 688 01 Uherský Brod 1, ORLEN, PENNY",2023-04,23480,,
00006CZ,"Uherský Brod, Močidla 2873, 688 01 Uherský Brod 1, ORLEN, PENNY",2023-05,23690,,
00006CZ,"Uherský Brod, Močidla 2873, 688 01 Uherský Brod 1, ORLEN, PENNY",2023-06,23750,,
00006CZ,"Uherský Brod, Močidla 2873, 688 01 Uherský Brod 1, ORLEN, PENNY",2023-07,28220,,
00006CZ,"Uherský Brod, Močidla 2873, 688 01 Uherský Brod 1, ORLEN, PENNY",2023-08,27980,,
00006CZ,"Uherský Brod, Močidla 2873, 688 01 Uherský Brod 1, ORLEN, PENNY",2023-09,24830,,
00006CZ,"Uherský Brod, Močidla 2873, 688 01 Uherský Brod 1, ORLEN, PENNY",2023-10,20780,,
00006CZ,"Uherský Brod, Močidla 2873, 688 01 Uherský Brod 1, ORLEN, PENNY",2023-11,17260,,
00006CZ,"Uherský Brod, Močidla 2873, 688 01 Uherský Brod 1, ORLEN, PENNY",2023-12,19880,,
00006CZ,"Uherský Brod, Močidla 2873, 688 01 Uherský Brod 1, ORLEN, PENNY",2024-01,15580,,
00006CZ,"Uherský Brod, Močidla 2873, 688 01 Uherský Brod 1, ORLEN, PENNY",2024-02,19330,,
00006CZ,"Uherský Brod, Močidla 2873, 688 01 Uherský Brod 1, ORLEN, PENNY",2024-03,20700,,
00006CZ,"Uherský Brod, Močidla 2873, 688 01 Uherský Brod 1, ORLEN, PENNY",2024-04,18960,,
00006CZ,"Uherský Brod, Močidla 2873, 688 01 Uherský Brod 1, ORLEN, PENNY",2024-05,23710,,
00006CZ,"Uherský Brod, Močidla 2873, 688 01 Uherský Brod 1, ORLEN, PENNY",2024-06,26970,,
00006CZ,"Uherský Brod, Močidla 2873, 688 01 Uherský Brod 1, ORLEN, PENNY",2024-07,26820,,
00006CZ,"Uherský Brod, Močidla 2873, 688 01 Uherský Brod 1, ORLEN, PENNY",2024-08,39230,,
00006CZ,"Uherský Brod, Močidla 2873, 688 01 Uherský Brod 1, ORLEN, PENNY",2024-09,33520,,
00006CZ,"Uherský Brod, Močidla 2873, 688 01 Uherský Brod 1, ORLEN, PENNY",2024-10,27940,,
00006CZ,"Uherský Brod, Močidla 2873, 688 01 Uherský Brod 1, ORLEN, PENNY",2024-11,28550,,
00006CZ,"Uherský Brod, Močidla 2873, 688 01 Uherský Brod 1, ORLEN, PENNY",2024-12,30040,,
00006CZ,"Uherský Brod, Močidla 2873, 688 01 Uherský Brod 1, ORLEN, PENNY",2025-01,30100,,
00006CZ,"Uherský Brod, Močidla 2873, 688 01 Uherský Brod 1, ORLEN, PENNY",2025-02,24400,,
00006CZ,"Uherský Brod, Močidla 2873, 688 01 Uherský Brod 1, ORLEN, PENNY",2025-03,32740,,
00006CZ,"Uherský Brod, Močidla 2873, 688 01 Uherský Brod 1, ORLEN, PENNY",2025-04,35000,,
00006CZ,"Uherský Brod, Močidla 2873, 688 01 Uherský Brod 1, ORLEN, PENNY",2025-05,29870,,
00006CZ,"Uherský Brod, Močidla 2873, 688 01 Uherský Brod 1, ORLEN, PENNY",2025-06,30890,,
00006CZ,"Uherský Brod, Močidla 2873, 688 01 Uherský Brod 1, ORLEN, PENNY",2025-07,38490,,
00006CZ,"Uherský Brod, Močidla 2873, 688 01 Uherský Brod 1, ORLEN, PENNY",2025-08,37610,,
00006CZ,"Uherský Brod, Močidla 2873, 688 01 Uherský Brod 1, ORLEN, PENNY",2025-09,42160,,
00006CZ,"Uherský Brod, Močidla 2873, 688 01 Uherský Brod 1, ORLEN, PENNY",2025-10,44710,,
00006CZ,"Uherský Brod, Močidla 2873, 688 01 Uherský Brod 1, ORLEN, PENNY",2025-11,37860,,
00006CZ,"Uherský Brod, Močidla 2873, 688 01 Uherský Brod 1, ORLEN, PENNY",2025-12,43030,,
00006CZ,"Uherský Brod, Močidla 2873, 688 01 Uherský Brod 1, ORLEN, PENNY",2026-01,28510,,
00006CZ,"Uherský Brod, Močidla 2873, 688 01 Uherský Brod 1, ORLEN, PENNY",2026-02,21870,,
00006CZ,"Uherský Brod, Močidla 2873, 688 01 Uherský Brod 1, ORLEN, PENNY",2026-03,38230,,
00006CZ,"Uherský Brod, Močidla 2873, 688 01 Uherský Brod 1, ORLEN, PENNY",2026-04,34130,,
00006CZ,"Uherský Brod, Močidla 2873, 688 01 Uherský Brod 1, ORLEN, PENNY",2026-05,38060,,
00006CZ,"Uherský Brod, Močidla 2873, 688 01 Uherský Brod 1, ORLEN, PENNY",2026-06,37990,,
00006CZ,"Uherský Brod, Močidla 2873, 688 01 Uherský Brod 1, ORLEN, PENNY",2026-07,54250,,
00006CZ,"Uherský Brod, Močidla 2873, 688 01 Uherský Brod 1, ORLEN, PENNY",2026-08,7880,,
2CTX,"Poděbrady, Bílkova 270, 290 01, ORLEN, TESCO",2021-10,18070,,
2CTX,"Poděbrady, Bílkova 270, 290 01, ORLEN, TESCO",2021-11,34040,,
2CTX,"Poděbrady, Bílkova 270, 290 01, ORLEN, TESCO",2021-12,37102,,
2CTX,"Poděbrady, Bílkova 270, 290 01, ORLEN, TESCO",2022-01,30365,,
2CTX,"Poděbrady, Bílkova 270, 290 01, ORLEN, TESCO",2022-02,26220,,
2CTX,"Poděbrady, Bílkova 270, 290 01, ORLEN, TESCO",2022-03,31355,,
2CTX,"Poděbrady, Bílkova 270, 290 01, ORLEN, TESCO",2022-04,34470,,
2CTX,"Poděbrady, Bílkova 270, 290 01, ORLEN, TESCO",2022-05,47340,,
2CTX,"Poděbrady, Bílkova 270, 290 01, ORLEN, TESCO",2022-06,46930,,
2CTX,"Poděbrady, Bílkova 270, 290 01, ORLEN, TESCO",2022-07,50550,,
2CTX,"Poděbrady, Bílkova 270, 290 01, ORLEN, TESCO",2022-08,65870,,
2CTX,"Poděbrady, Bílkova 270, 290 01, ORLEN, TESCO",2022-09,55320,,
2CTX,"Poděbrady, Bílkova 270, 290 01, ORLEN, TESCO",2022-10,60450,,
2CTX,"Poděbrady, Bílkova 270, 290 01, ORLEN, TESCO",2022-11,69775,,
2CTX,"Poděbrady, Bílkova 270, 290 01, ORLEN, TESCO",2022-12,58900,,
2CTX,"Poděbrady, Bílkova 270, 290 01, ORLEN, TESCO",2023-01,61720,,
2CTX,"Poděbrady, Bílkova 270, 290 01, ORLEN, TESCO",2023-02,55510,,
2CTX,"Poděbrady, Bílkova 270, 290 01, ORLEN, TESCO",2023-03,63907,,
2CTX,"Poděbrady, Bílkova 270, 290 01, ORLEN, TESCO",2023-04,60451,,
2CTX,"Poděbrady, Bílkova 270, 290 01, ORLEN, TESCO",2023-05,66751,,
2CTX,"Poděbrady, Bílkova 270, 290 01, ORLEN, TESCO",2023-06,69423,,
2CTX,"Poděbrady, Bílkova 270, 290 01, ORLEN, TESCO",2023-07,74346,,
2CTX,"Poděbrady, Bílkova 270, 290 01, ORLEN, TESCO",2023-08,69180,,
2CTX,"Poděbrady, Bílkova 270, 290 01, ORLEN, TESCO",2023-09,75827,,
2CTX,"Poděbrady, Bílkova 270, 290 01, ORLEN, TESCO",2023-10,64592,,
2CTX,"Poděbrady, Bílkova 270, 290 01, ORLEN, TESCO",2023-11,61118,,
2CTX,"Poděbrady, Bílkova 270, 290 01, ORLEN, TESCO",2023-12,63070,,
2CTX,"Poděbrady, Bílkova 270, 290 01, ORLEN, TESCO",2024-01,46000,,
2CTX,"Poděbrady, Bílkova 270, 290 01, ORLEN, TESCO",2024-02,49130,,
2CTX,"Poděbrady, Bílkova 270, 290 01, ORLEN, TESCO",2024-03,65513,,
2CTX,"Poděbrady, Bílkova 270, 290 01, ORLEN, TESCO",2024-04,55050,,
2CTX,"Poděbrady, Bílkova 270, 290 01, ORLEN, TESCO",2024-05,60158,,
2CTX,"Poděbrady, Bílkova 270, 290 01, ORLEN, TESCO",2024-06,67570,,
2CTX,"Poděbrady, Bílkova 270, 290 01, ORLEN, TESCO",2024-07,71080,,
2CTX,"Poděbrady, Bílkova 270, 290 01, ORLEN, TESCO",2024-08,84866,,
2CTX,"Poděbrady, Bílkova 270, 290 01, ORLEN, TESCO",2024-09,70380,,
2CTX,"Poděbrady, Bílkova 270, 290 01, ORLEN, TESCO",2024-10,78690,,
2CTX,"Poděbrady, Bílkova 270, 290 01, ORLEN, TESCO",2024-11,69432,,
2CTX,"Poděbrady, Bílkova 270, 290 01, ORLEN, TESCO",2024-12,72570,,
2CTX,"Poděbrady, Bílkova 270, 290 01, ORLEN, TESCO",2025-01,68735,,
2CTX,"Poděbrady, Bílkova 270, 290 01, ORLEN, TESCO",2025-02,52820,,
2CTX,"Poděbrady, Bílkova 270, 290 01, ORLEN, TESCO",2025-03,73343,,
2CTX,"Poděbrady, Bílkova 270, 290 01, ORLEN, TESCO",2025-04,63001,,
2CTX,"Poděbrady, Bílkova 270, 290 01, ORLEN, TESCO",2025-05,72690,,
2CTX,"Poděbrady, Bílkova 270, 290 01, ORLEN, TESCO",2025-06,69390,,
2CTX,"Poděbrady, Bílkova 270, 290 01, ORLEN, TESCO",2025-07,77610,,
2CTX,"Poděbrady, Bílkova 270, 290 01, ORLEN, TESCO",2025-08,80460,,
2CTX,"Poděbrady, Bílkova 270, 290 01, ORLEN, TESCO",2025-09,73061,,
2CTX,"Poděbrady, Bílkova 270, 290 01, ORLEN, TESCO",2025-10,72919,,
2CTX,"Poděbrady, Bílkova 270, 290 01, ORLEN, TESCO",2025-11,67383,,
2CTX,"Poděbrady, Bílkova 270, 290 01, ORLEN, TESCO",2025-12,69101,,
2CTX,"Poděbrady, Bílkova 270, 290 01, ORLEN, TESCO",2026-01,60820,,
2CTX,"Poděbrady, Bílkova 270, 290 01, ORLEN, TESCO",2026-02,66964,,
2CTX,"Poděbrady, Bílkova 270, 290 01, ORLEN, TESCO",2026-03,60111,,
2CTX,"Poděbrady, Bílkova 270, 290 01, ORLEN, TESCO",2026-04,63130,,
2CTX,"Poděbrady, Bílkova 270, 290 01, ORLEN, TESCO",2026-05,66230,,
2CTX,"Poděbrady, Bílkova 270, 290 01, ORLEN, TESCO",2026-06,53540,,
2CTX,"Poděbrady, Bílkova 270, 290 01, ORLEN, TESCO",2026-07,66090,,
2CTX,"Poděbrady, Bílkova 270, 290 01, ORLEN, TESCO",2026-08,10250,,