code,label,month,wash_count,customers
00021CZ,"Praha Pruhonice Orlen, D1 5.km, směr Brno, 149 00 Újezd u Průhonic (Praha - Brno)",2025-11,3,4
00021CZ,"Praha Pruhonice Orlen, D1 5.km, směr Brno, 149 00 Újezd u Průhonic (Praha - Brno)",2025-12,25,43
00021CZ,"Praha Pruhonice Orlen, D1 5.km, směr Brno, 149 00 Újezd u Průhonic (Praha - Brno)",2026-01,24,41
00021CZ,"Praha Pruhonice Orlen, D1 5.km, směr Brno, 149 00 Újezd u Průhonic (Praha - Brno)",2026-02,41,67
00021CZ,"Praha Pruhonice Orlen, D1 5.km, směr Brno, 149 00 Újezd u Průhonic (Praha - Brno)",2026-03,40,66
00021CZ,"Praha Pruhonice Orlen, D1 5.km, směr Brno, 149 00 Újezd u Průhonic (Praha - Brno)",2026-04,58,102
00021CZ,"Praha Pruhonice Orlen, D1 5.km, směr Brno, 149 00 Újezd u Průhonic (Praha - Brno)",2026-05,58,97
00021CZ,"Praha Pruhonice Orlen, D1 5.km, směr Brno, 149 00 Újezd u Průhonic (Praha - Brno)",2026-06,58,101
00021CZ,"Praha Pruhonice Orlen, D1 5.km, směr Brno, 149 00 Újezd u Průhonic (Praha - Brno)",2026-07,66,114
00021CZ,"Praha Pruhonice Orlen, D1 5.km, směr Brno, 149 00 Újezd u Průhonic (Praha - Brno)",2026-08,12,19
00006CZ,"Uherský Brod, Močidla 2873, 688 01 Uherský Brod 1, ORLEN, PENNY",2023-02,47,76
00006CZ,"Uherský Brod, Močidla 2873, 688 01 Uherský Brod 1, ORLEN, PENNY",2023-03,38,84
00006CZ,"Uherský Brod, Močidla 2873, 688 01 Uherský Brod 1, ORLEN, PENNY",2023-04,71,111
00006CZ,"Uherský Brod, Močidla 2873, 688 01 Uherský Brod 1, ORLEN, PENNY",2023-05,75,117
00006CZ,"Uherský Brod, Močidla 2873, 688 01 Uherský Brod 1, ORLEN, PENNY",2023-06,73,120
00006CZ,"Uherský Brod, Močidla 2873, 688 01 Uherský Brod 1, ORLEN, PENNY",2023-07,94,129
00006CZ,"Uherský Brod, Močidla 2873, 688 01 Uherský Brod 1, ORLEN, PENNY",2023-08,93,130
00006CZ,"Uherský Brod, Močidla 2873, 688 01 Uherský Brod 1, ORLEN, PENNY",2023-09,78,115
00006CZ,"Uherský Brod, Močidla 2873, 688 01 Uherský Brod 1, ORLEN, PENNY",2023-10,64,110
00006CZ,"Uherský Brod, Močidla 2873, 688 01 Uherský Brod 1, ORLEN, PENNY",2023-11,53,88
00006CZ,"Uherský Brod, Močidla 2873, 688 01 Uherský Brod 1, ORLEN, PENNY",2023-12,58,102
00006CZ,"Uherský Brod, Močidla 2873, 688 01 Uherský Brod 1, ORLEN, PENNY",2024-01,49,83
00006CZ,"Uherský Brod, Močidla 2873, 688 01 Uherský Brod 1, ORLEN, PENNY",2024-02,61,105
00006CZ,"Uherský Brod, Močidla 2873, 688 01 Uherský Brod 1, ORLEN, PENNY",2024-03,61,109
00006CZ,"Uherský Brod, Močidla 2873, 688 01 Uherský Brod 1, ORLEN, PENNY",2024-04,56,89
00006CZ,"Uherský Brod, Močidla 2873, 688 01 Uherský Brod 1, ORLEN, PENNY",2024-05,72,106
00006CZ,"Uherský Brod, Močidla 2873, 688 01 Uherský Brod 1, ORLEN, PENNY",2024-06,86,127
00006CZ,"Uherský Brod, Močidla 2873, 688 01 Uherský Brod 1, ORLEN, PENNY",2024-07,88,126
00006CZ,"Uherský Brod, Močidla 2873, 688 01 Uherský Brod 1, ORLEN, PENNY",2024-08,125,179
00006CZ,"Uherský Brod, Močidla 2873, 688 01 Uherský Brod 1, ORLEN, PENNY",2024-09,103,155
00006CZ,"Uherský Brod, Močidla 2873, 688 01 Uherský Brod 1, ORLEN, PENNY",2024-10,84,133
00006CZ,"Uherský Brod, Močidla 2873, 688 01 Uherský Brod 1, ORLEN, PENNY",2024-11,82,135
00006CZ,"Uherský Brod, Močidla 2873, 688 01 Uherský Brod 1, ORLEN, PENNY",2024-12,87,152
00006CZ,"Uherský Brod, Močidla 2873, 688 01 Uherský Brod 1, ORLEN, PENNY",2025-01,88,148
00006CZ,"Uherský Brod, Močidla 2873, 688 01 Uherský Brod 1, ORLEN, PENNY",2025-02,73,118
00006CZ,"Uherský Brod, Močidla 2873, 688 01 Uherský Brod 1, ORLEN, PENNY",2025-03,103,147
00006CZ,"Uherský Brod, Močidla 2873, 688 01 Uherský Brod 1, ORLEN, PENNY",2025-04,113,160
00006CZ,"Uherský Brod, Močidla 2873, 688 01 Uherský Brod 1, ORLEN, PENNY",2025-05,98,147
00006CZ,"Uherský Brod, Močidla 2873, 688 01 Uherský Brod 1, ORLEN, PENNY",2025-06,99,138
00006CZ,"Uherský Brod, Močidla 2873, 688 01 Uherský Brod 1, ORLEN, PENNY",2025-07,119,176
00006CZ,"Uherský Brod, Močidla 2873, 688 01 Uherský Brod 1, ORLEN, PENNY",2025-08,124,174
00006CZ,"Uherský Brod, Močidla 2873, 688 01 Uherský Brod 1, ORLEN, PENNY",2025-09,135,201
00006CZ,"Uherský Brod, Močidla 2873, 688 01 Uherský Brod 1, ORLEN, PENNY",2025-10,136,202
00006CZ,"Uherský Brod, Močidla 2873, 688 01 Uherský Brod 1, ORLEN, PENNY",2025-11,108,180
00006CZ,"Uherský Brod, Močidla 2873, 688 01 Uherský Brod 1, ORLEN, PENNY",2025-12,123,209
00006CZ,"Uherský Brod, Močidla 2873, 688 01 Uherský Brod 1, ORLEN, PENNY",2026-01,75,138
00006CZ,"Uherský Brod, Močidla 2873, 688 01 Uherský Brod 1, ORLEN, PENNY",2026-02,66,102
00006CZ,"Uherský Brod, Močidla 2873, 688 01 Uherský Brod 1, ORLEN, PENNY",2026-03,119,170
00006CZ,"Uherský Brod, Močidla 2873, 688 01 Uherský Brod 1, ORLEN, PENNY",2026-04,107,155
00006CZ,"Uherský Brod, Močidla 2873, 688 01 Uherský Brod 1, ORLEN, PENNY",2026-05,126,178
00006CZ,"Uherský Brod, Močidla 2873, 688 01 Uherský Brod 1, ORLEN, PENNY",2026-06,130,170
00006CZ,"Uherský Brod, Močidla 2873, 688 01 Uherský Brod 1, ORLEN, PENNY",2026-07,173,234
00006CZ,"Uherský Brod, Močidla 2873, 688 01 Uherský Brod 1, ORLEN, PENNY",2026-08,25,32
2CTX,"Poděbrady, Bílkova 270, 290 01, ORLEN, TESCO",2021-10,75,107
2CTX,"Poděbrady, Bílkova 270, 290 01, ORLEN, TESCO",2021-11,138,217
2CTX,"Poděbrady, Bílkova 270, 290 01, ORLEN, TESCO",2021-12,145,242
2CTX,"Poděbrady, Bílkova 270, 290 01, ORLEN, TESCO",2022-01,124,186
2CTX,"Poděbrady, Bílkova 270, 290 01, ORLEN, TESCO",2022-02,104,157
2CTX,"Poděbrady, Bílkova 270, 290 01, ORLEN, TESCO",2022-03,137,189
2CTX,"Poděbrady, Bílkova 270, 290 01, ORLEN, TESCO",2022-04,147,210
2CTX,"Poděbrady, Bílkova 270, 290 01, ORLEN, TESCO",2022-05,196,291
2CTX,"Poděbrady, Bílkova 270, 290 01, ORLEN, TESCO",2022-06,208,272
2CTX,"Poděbrady, Bílkova 270, 290 01, ORLEN, TESCO",2022-07,219,301
2CTX,"Poděbrady, Bílkova 270, 290 01, ORLEN, TESCO",2022-08,286,396
2CTX,"Poděbrady, Bílkova 270, 290 01, ORLEN, TESCO",2022-09,226,330
2CTX,"Poděbrady, Bílkova 270, 290 01, ORLEN, TESCO",2022-10,239,385
2CTX,"Poděbrady, Bílkova 270, 290 01, ORLEN, TESCO",2022-11,209,357
2CTX,"Poděbrady, Bílkova 270, 290 01, ORLEN, TESCO",2022-12,173,284
2CTX,"Poděbrady, Bílkova 270, 290 01, ORLEN, TESCO",2023-01,188,303
2CTX,"Poděbrady, Bílkova 270, 290 01, ORLEN, TESCO",2023-02,171,261
2CTX,"Poděbrady, Bílkova 270, 290 01, ORLEN, TESCO",2023-03,195,286
2CTX,"Poděbrady, Bílkova 270, 290 01, ORLEN, TESCO",2023-04,191,275
2CTX,"Poděbrady, Bílkova 270, 290 01, ORLEN, TESCO",2023-05,209,294
2CTX,"Poděbrady, Bílkova 270, 290 01, ORLEN, TESCO",2023-06,215,310
2CTX,"Poděbrady, Bílkova 270, 290 01, ORLEN, TESCO",2023-07,231,309
2CTX,"Poděbrady, Bílkova 270, 290 01, ORLEN, TESCO",2023-08,214,288
2CTX,"Poděbrady, Bílkova 270, 290 01, ORLEN, TESCO",2023-09,241,328
2CTX,"Poděbrady, Bílkova 270, 290 01, ORLEN, TESCO",2023-10,197,287
2CTX,"Poděbrady, Bílkova 270, 290 01, ORLEN, TESCO",2023-11,175,282
2CTX,"Poděbrady, Bílkova 270, 290 01, ORLEN, TESCO",2023-12,188,296
2CTX,"Poděbrady, Bílkova 270, 290 01, ORLEN, TESCO",2024-01,133,218
2CTX,"Poděbrady, Bílkova 270, 290 01, ORLEN, TESCO",2024-02,146,222
2CTX,"Poděbrady, Bílkova 270, 290 01, ORLEN, TESCO",2024-03,206,296
2CTX,"Poděbrady, Bílkova 270, 290 01, ORLEN, TESCO",2024-04,176,238
2CTX,"Poděbrady, Bílkova 270, 290 01, ORLEN, TESCO",2024-05,185,253
2CTX,"Poděbrady, Bílkova 270, 290 01, ORLEN, TESCO",2024-06,211,284
2CTX,"Poděbrady, Bílkova 270, 290 01, ORLEN, TESCO",2024-07,228,289
2CTX,"Poděbrady, Bílkova 270, 290 01, ORLEN, TESCO",2024-08,273,358
2CTX,"Poděbrady, Bílkova 270, 290 01, ORLEN, TESCO",2024-09,212,312
2CTX,"Poděbrady, Bílkova 270, 290 01, ORLEN, TESCO",2024-10,228,358
2CTX,"Poděbrady, Bílkova 270, 290 01, ORLEN, TESCO",2024-11,195,324
2CTX,"Poděbrady, Bílkova 270, 290 01, ORLEN, TESCO",2024-12,201,327
2CTX,"Poděbrady, Bílkova 270, 290 01, ORLEN, TESCO",2025-01,204,314
2CTX,"Poděbrady, Bílkova 270, 290 01, ORLEN, TESCO",2025-02,163,236
2CTX,"Poděbrady, Bílkova 270, 290 01, ORLEN, TESCO",2025-03,221,317
2CTX,"Poděbrady, Bílkova 270, 290 01, ORLEN, TESCO",2025-04,203,266
2CTX,"Poděbrady, Bílkova 270, 290 01, ORLEN, TESCO",2025-05,229,310
2CTX,"Poděbrady, Bílkova 270, 290 01, ORLEN, TESCO",2025-06,222,300
2CTX,"Poděbrady, Bílkova 270, 290 01, ORLEN, TESCO",2025-07,245,345
2CTX,"Poděbrady, Bílkova 270, 290 01, ORLEN, TESCO",2025-08,262,346
2CTX,"Poděbrady, Bílkova 270, 290 01, ORLEN, TESCO",2025-09,228,327
2CTX,"Poděbrady, Bílkova 270, 290 01, ORLEN, TESCO",2025-10,215,329
2CTX,"Poděbrady, Bílkova 270, 290 01, ORLEN, TESCO",2025-11,197,317
2CTX,"Poděbrady, Bílkova 270, 290 01, ORLEN, TESCO",2025-12,199,323
2CTX,"Poděbrady, Bílkova 270, 290 01, ORLEN, TESCO",2026-01,181,288
2CTX,"Poděbrady, Bílkova 270, 290 01, ORLEN, TESCO",2026-02,199,300
2CTX,"Poděbrady, Bílkova 270, 290 01, ORLEN, TESCO",2026-03,180,262
2CTX,"Poděbrady, Bílkova 270, 290 01, ORLEN, TESCO",2026-04,202,283
2CTX,"Poděbrady, Bílkova 270, 290 01, ORLEN, TESCO",2026-05,214,286
2CTX,"Poděbrady, Bílkova 270, 290 01, ORLEN, TESCO",2026-06,173,224
2CTX,"Poděbrady, Bílkova 270, 290 01, ORLEN, TESCO",2026-07,215,289
2CTX,"Poděbrady, Bílkova 270, 290 01, ORLEN, TESCO",2026-08,34,41